dest_ip,dest_port,dest_country,metadata_file
203.81.75.202,8080,Myanmar,connect.txt
177.55.247.174,8080,Brazil,connect.txt
88.198.212.91,3128,Germany,connect.txt
93.180.221.205,8080,Iraq,connect.txt
27.147.129.26,58080,Bangladesh,connect.txt
101.255.166.185,8080,Indonesia,connect.txt
103.180.123.93,8080,Indonesia,connect.txt
182.253.7.146,8180,Indonesia,connect.txt
124.105.198.250,8080,Philippines,connect.txt
103.156.86.76,8080,Indonesia,connect.txt
188.132.221.21,8080,T�rkiye,connect.txt
138.0.207.3,8085,Brazil,connect.txt
188.132.222.168,8080,T�rkiye,connect.txt
24.72.215.236,8246,United States,connect.txt
103.180.122.105,8080,Indonesia,connect.txt
190.189.249.108,3128,Argentina,connect.txt
103.126.87.120,8082,Indonesia,connect.txt
103.162.54.164,2233,Indonesia,connect.txt
103.247.14.25,9285,Indonesia,connect.txt
103.153.191.9,8085,Indonesia,connect.txt
103.169.254.101,6080,Indonesia,connect.txt
176.32.2.193,8080,Ukraine,connect.txt
103.25.111.246,8080,Indonesia,connect.txt
103.148.44.99,8080,Indonesia,connect.txt
47.251.122.81,8888,United States,connect.txt
38.52.212.113,999,Guatemala,connect.txt
181.188.238.145,999,Ecuador,connect.txt
103.180.118.107,999,Indonesia,connect.txt
103.155.198.161,8037,Indonesia,connect.txt
120.89.91.222,8181,Indonesia,connect.txt
181.188.238.147,999,Ecuador,connect.txt
103.125.174.5,8080,Indonesia,connect.txt
103.80.98.46,8080,Indonesia,connect.txt
204.157.185.2,999,Peru,connect.txt
45.187.105.213,8080,Brazil,connect.txt
204.157.185.4,999,Peru,connect.txt
36.64.181.82,8080,Indonesia,connect.txt
181.232.190.96,999,Ecuador,connect.txt
38.7.100.128,999,Peru,connect.txt
103.169.132.70,8085,Indonesia,connect.txt
102.68.139.1,83,Zambia,connect.txt
103.105.86.46,8090,Bangladesh,connect.txt
167.249.29.220,999,Chile,connect.txt
191.97.68.42,8080,Argentina,connect.txt
41.139.166.117,8080,Kenya,connect.txt
101.255.117.194,8095,Indonesia,connect.txt
170.81.243.58,999,Peru,connect.txt
62.241.133.227,1981,Egypt,connect.txt
202.162.213.180,8080,Indonesia,connect.txt
200.118.238.71,8080,Colombia,connect.txt
190.60.41.26,999,Colombia,connect.txt
65.21.91.16,8888,Indonesia,connect.txt
82.152.54.33,8080,France,connect.txt
139.135.141.12,8095,Philippines,connect.txt
175.158.44.70,7777,Indonesia,connect.txt
195.158.8.123,3128,Uzbekistan,connect.txt
38.65.172.4,999,Mexico,connect.txt
128.199.113.85,9090,Singapore,connect.txt
91.187.113.68,8080,Kosovo,connect.txt
77.242.24.49,8089,Albania,connect.txt
201.76.9.115,8080,Brazil,connect.txt
81.0.50.19,8080,Spain,connect.txt
103.169.254.9,6080,Indonesia,connect.txt
161.248.190.98,8080,,connect.txt
165.22.245.215,3128,Singapore,connect.txt
186.226.168.23,3128,Brazil,connect.txt
200.52.157.138,999,Honduras,connect.txt
38.7.3.12,999,Venezuela,connect.txt
185.35.130.81,58911,Russia,connect.txt
185.189.100.94,8080,Russia,connect.txt
181.119.107.110,999,Guatemala,connect.txt
36.66.121.131,8080,Indonesia,connect.txt
45.191.7.250,8080,Argentina,connect.txt
5.181.178.69,8080,Indonesia,connect.txt
221.121.149.35,8080,Australia,connect.txt
103.180.118.184,8080,Indonesia,connect.txt
119.252.167.130,41890,Indonesia,connect.txt
89.43.31.134,3128,T�rkiye,connect.txt
191.97.1.89,999,Colombia,connect.txt
103.147.134.59,8080,Indonesia,connect.txt
38.65.172.198,999,Mexico,connect.txt
38.65.172.193,999,Mexico,connect.txt
103.165.155.45,8080,Indonesia,connect.txt
121.200.50.33,3128,India,connect.txt
157.15.144.82,8080,Indonesia,connect.txt
103.22.99.166,8080,Indonesia,connect.txt
141.136.63.126,8080,Venezuela,connect.txt
157.15.144.80,8080,Indonesia,connect.txt
172.188.122.92,80,Singapore,connect.txt
190.0.247.34,11201,Colombia,connect.txt
38.194.246.34,999,Mexico,connect.txt
120.28.193.165,5050,Philippines,connect.txt
180.191.59.119,8086,Philippines,connect.txt
103.243.238.38,51772,Bangladesh,connect.txt
103.251.8.255,8282,Indonesia,connect.txt
190.121.153.68,9992,Colombia,connect.txt
45.182.21.150,999,Honduras,connect.txt
177.234.217.82,999,Ecuador,connect.txt
38.156.72.28,8080,T�rkiye,connect.txt
103.247.22.151,7777,Indonesia,connect.txt
103.247.14.139,8285,Indonesia,connect.txt
120.28.214.153,8081,Philippines,connect.txt
103.173.140.151,1111,Indonesia,connect.txt
114.141.54.100,1111,Indonesia,connect.txt
217.76.245.24,999,Panama,connect.txt
103.126.119.191,8080,Indonesia,connect.txt
45.115.113.182,4334,Bangladesh,connect.txt
201.77.97.96,999,Mexico,connect.txt
159.69.57.20,8880,The Netherlands,connect.txt
179.1.147.133,999,Peru,connect.txt
201.77.96.160,999,Mexico,connect.txt
103.127.220.98,1413,Indonesia,connect.txt
113.192.48.115,8080,Indonesia,connect.txt
195.205.33.21,8080,Poland,connect.txt
103.172.42.187,1111,Indonesia,connect.txt
103.132.52.196,8080,Indonesia,connect.txt
103.158.27.86,1212,Indonesia,connect.txt
201.182.242.212,999,Ecuador,connect.txt
201.150.118.38,999,Mexico,connect.txt
103.155.168.88,8299,Indonesia,connect.txt
103.156.217.101,1111,Indonesia,connect.txt
38.7.16.85,999,Mexico,connect.txt
168.228.140.192,999,Argentina,connect.txt
157.20.36.149,1111,Indonesia,connect.txt
185.166.24.221,1976,Iraq,connect.txt
102.213.248.60,8080,Kenya,connect.txt
115.127.95.82,8080,Bangladesh,connect.txt
103.146.185.115,2021,Indonesia,connect.txt
190.123.83.137,999,Argentina,connect.txt
89.213.106.253,999,Mexico,connect.txt
164.163.74.97,999,Honduras,connect.txt
209.45.19.5,999,Peru,connect.txt
112.201.187.253,8085,Philippines,connect.txt
119.148.54.78,1419,Bangladesh,connect.txt
124.106.223.156,8082,Philippines,connect.txt
170.245.132.85,999,Paraguay,connect.txt
200.188.112.145,999,Mexico,connect.txt
20.84.7.175,3128,United States,connect.txt
126.209.18.141,8082,Philippines,connect.txt
191.101.190.175,3127,Indonesia,connect.txt
186.231.33.58,61804,Brazil,connect.txt
179.1.142.130,999,Colombia,connect.txt
203.188.251.50,8080,Bangladesh,connect.txt
103.172.70.139,1111,Indonesia,connect.txt
103.169.41.212,8080,Indonesia,connect.txt
103.189.123.110,8080,Indonesia,connect.txt
103.165.40.82,8080,Indonesia,connect.txt
180.191.59.103,9995,Philippines,connect.txt
41.216.186.200,8080,Indonesia,connect.txt
203.150.128.93,8080,Thailand,connect.txt
116.90.181.10,5555,Indonesia,connect.txt
103.242.106.157,8080,Indonesia,connect.txt
125.27.241.98,8080,Thailand,connect.txt
157.10.157.59,8084,Indonesia,connect.txt
186.235.86.137,8080,Brazil,connect.txt
194.160.189.179,8080,Slovakia,connect.txt
165.90.64.216,8080,Mozambique,connect.txt
190.14.246.9,999,Colombia,connect.txt
80.90.84.5,8080,Albania,connect.txt
194.29.60.220,8080,Ukraine,connect.txt
160.20.38.2,8080,Indonesia,connect.txt
190.111.218.142,999,Argentina,connect.txt
181.224.175.240,999,Ecuador,connect.txt
186.148.178.195,999,Colombia,connect.txt
103.126.87.220,8080,Indonesia,connect.txt
163.223.78.89,8080,Japan,connect.txt
217.25.91.113,3128,Poland,connect.txt
145.40.97.148,10006,The Netherlands,connect.txt
145.40.97.148,10005,The Netherlands,connect.txt
145.40.97.148,9401,The Netherlands,connect.txt
2.139.80.104,3128,Spain,connect.txt
179.189.118.50,8080,Brazil,connect.txt
49.48.130.16,8080,Thailand,connect.txt
103.179.84.129,8080,Indonesia,connect.txt
8.210.117.141,8888,Hong Kong,connect.txt
170.245.158.93,8080,Colombia,connect.txt
103.147.84.125,1080,Indonesia,connect.txt
134.90.243.218,8080,Italy,connect.txt
45.174.57.118,999,Mexico,connect.txt
145.40.97.148,10012,The Netherlands,connect.txt
223.205.103.231,8080,Thailand,connect.txt
113.192.31.189,8080,Indonesia,connect.txt
103.137.110.42,8080,Indonesia,connect.txt
177.53.214.172,999,Ecuador,connect.txt
181.119.83.242,999,Colombia,connect.txt
103.183.19.34,3128,Indonesia,connect.txt
45.238.20.156,999,Chile,connect.txt
138.59.10.112,999,Venezuela,connect.txt
38.156.73.36,8085,T�rkiye,connect.txt
190.52.100.98,999,Venezuela,connect.txt
38.156.75.144,8080,T�rkiye,connect.txt
103.163.171.201,3265,Bangladesh,connect.txt
103.76.109.188,8080,Indonesia,connect.txt
113.192.31.210,8080,Indonesia,connect.txt
124.158.163.219,1111,Indonesia,connect.txt
171.4.66.102,8080,Thailand,connect.txt
171.6.123.141,8080,Thailand,connect.txt
110.188.37.90,2324,China,connect.txt
116.111.16.108,5101,Vietnam,connect.txt
147.93.67.222,3128,Belgium,connect.txt
72.10.160.90,22417,Myanmar,connect.txt
170.85.158.84,80,United States,connect.txt
170.85.158.81,80,United States,connect.txt
45.173.12.84,999,Colombia,connect.txt
27.79.173.87,16000,Vietnam,connect.txt
170.85.158.81,9443,United States,connect.txt
170.85.158.84,9443,United States,connect.txt
27.79.174.95,16000,Vietnam,connect.txt
27.79.196.31,16000,Vietnam,connect.txt
27.79.153.175,16000,Vietnam,connect.txt
171.41.131.55,2324,China,connect.txt
41.223.234.116,37259,Burkina Faso,socks4.txt
72.49.49.11,31034,United States,socks4.txt
69.61.200.104,36181,United States,socks4.txt
72.195.114.184,4145,United States,socks4.txt
174.77.111.196,4145,United States,socks4.txt
174.64.199.79,4145,United States,socks4.txt
72.195.34.58,4145,United States,socks4.txt
98.170.57.231,4145,United States,socks4.txt
184.181.217.210,4145,United States,socks4.txt
184.178.172.14,4145,United States,socks4.txt
98.175.31.195,4145,United States,socks4.txt
72.195.114.169,4145,United States,socks4.txt
72.195.34.59,4145,United States,socks4.txt
184.178.172.3,4145,United States,socks4.txt
184.178.172.11,4145,United States,socks4.txt
184.178.172.17,4145,United States,socks4.txt
184.181.217.201,4145,United States,socks4.txt
184.181.217.194,4145,United States,socks4.txt
98.170.57.249,4145,United States,socks4.txt
184.178.172.28,15294,United States,socks4.txt
184.178.172.23,4145,United States,socks4.txt
198.8.94.170,4145,Canada,socks4.txt
76.81.6.107,31008,United States,socks4.txt
184.178.172.26,4145,United States,socks4.txt
184.185.2.12,4145,United States,socks4.txt
68.1.210.163,4145,United States,socks4.txt
217.145.199.47,56746,Slovakia,socks4.txt
122.252.179.66,5678,Cambodia,socks4.txt
187.216.144.170,5678,Mexico,socks4.txt
190.104.26.227,33638,Bolivia,socks4.txt
189.50.138.10,5678,Brazil,socks4.txt
200.108.50.254,4145,Panama,socks4.txt
174.75.211.222,4145,United States,socks4.txt
12.11.59.114,1080,United States,socks4.txt
186.97.144.98,5678,Colombia,socks4.txt
190.0.15.18,5678,Colombia,socks4.txt
190.13.147.93,5678,Chile,socks4.txt
58.65.167.165,4145,Pakistan,socks4.txt
46.105.105.223,18579,France,socks4.txt
98.191.0.37,4145,United States,socks4.txt
172.99.187.33,4145,United States,socks4.txt
208.65.90.21,4145,United States,socks4.txt
138.186.133.161,4153,Brazil,socks4.txt
36.95.189.165,5678,Indonesia,socks4.txt
81.12.157.98,5678,Romania,socks4.txt
208.65.90.3,4145,United States,socks4.txt
98.175.31.222,4145,United States,socks4.txt
212.47.244.254,16379,The Netherlands,socks4.txt
68.71.249.158,4145,United States,socks4.txt
72.37.217.3,4145,United States,socks4.txt
142.54.228.193,4145,United States,socks4.txt
67.201.39.14,4145,United States,socks4.txt
67.201.58.190,4145,United States,socks4.txt
46.105.105.223,29489,France,socks4.txt
51.158.68.28,16379,Sweden,socks4.txt
46.105.105.223,43470,France,socks4.txt
51.210.111.216,43520,France,socks4.txt
200.30.165.2,60606,Nicaragua,socks4.txt
172.233.14.116,1080,Brazil,socks4.txt
92.255.190.64,4153,Russia,socks4.txt
83.219.1.130,5678,Russia,socks4.txt
91.247.250.215,4145,Russia,socks4.txt
46.105.105.223,43853,France,socks4.txt
192.95.33.162,15735,Canada,socks4.txt
103.172.71.204,1080,Indonesia,socks4.txt
202.131.246.250,5678,Mongolia,socks4.txt
46.241.20.54,4145,Russia,socks4.txt
189.39.118.210,5678,Brazil,socks4.txt
46.105.105.223,34570,France,socks4.txt
51.158.70.246,16379,The Netherlands,socks4.txt
216.68.128.121,4145,United States,socks4.txt
192.95.33.162,8296,Canada,socks4.txt
200.43.231.14,4153,Argentina,socks4.txt
45.169.219.166,5678,Brazil,socks4.txt
202.40.177.186,1088,Bangladesh,socks4.txt
103.86.135.34,5678,Pakistan,socks4.txt
51.75.126.150,9676,France,socks4.txt
192.95.33.162,33513,Canada,socks4.txt
118.70.206.161,60606,Vietnam,socks4.txt
51.75.126.150,3217,France,socks4.txt
122.96.62.178,1080,China,socks4.txt
192.95.33.162,10036,Canada,socks4.txt
177.92.78.138,1080,Brazil,socks4.txt
202.162.197.57,4145,Indonesia,socks4.txt
187.44.211.118,4153,Brazil,socks4.txt
92.119.74.228,5678,Spain,socks4.txt
72.207.109.5,4145,United States,socks4.txt
38.188.52.210,1080,Venezuela,socks4.txt
103.152.106.2,1080,Bangladesh,socks4.txt
213.81.222.119,60606,Slovakia,socks4.txt
163.53.150.141,1080,Bangladesh,socks4.txt
152.231.66.204,5678,Chile,socks4.txt
69.64.85.167,10031,United States,socks4.txt
160.19.18.163,1080,Indonesia,socks4.txt
184.181.178.33,4145,United States,socks4.txt
165.0.100.149,5678,South Africa,socks4.txt
218.75.78.106,10800,China,socks4.txt
81.228.44.187,65530,Sweden,socks4.txt
98.190.239.3,4145,United States,socks4.txt
182.16.175.163,5678,Indonesia,socks4.txt
150.129.170.17,5678,India,socks4.txt
177.136.124.46,56113,Brazil,socks4.txt
102.39.232.252,1080,South Africa,socks4.txt
103.81.194.120,4444,Indonesia,socks4.txt
38.54.107.132,1080,Taiwan,socks4.txt
198.177.252.24,4145,United States,socks4.txt
198.177.254.131,4145,United States,socks4.txt
94.136.190.22,8888,India,socks4.txt
198.177.254.157,4145,United States,socks4.txt
110.188.37.138,2324,China,socks4.txt
131.108.118.131,60606,Brazil,socks4.txt
171.248.214.211,1080,Vietnam,socks4.txt
154.85.58.149,80,United States,http.txt
80.249.112.162,80,Iran,http.txt
8.209.255.13,3128,Japan,http.txt
47.91.65.23,3128,Germany,http.txt
45.65.137.218,999,Colombia,http.txt
84.39.112.144,3128,Switzerland,http.txt
103.90.67.35,8080,Indonesia,http.txt
36.94.232.177,3113,Indonesia,http.txt
103.70.93.70,8080,Indonesia,http.txt
103.190.171.213,8181,Indonesia,http.txt
141.95.1.186,3128,France,http.txt
190.111.193.83,8080,Argentina,http.txt
176.105.199.153,8010,Ukraine,http.txt
51.75.86.68,3128,France,http.txt
159.65.230.46,8888,United States,http.txt
103.169.133.46,8085,Indonesia,http.txt
103.156.141.172,8081,Indonesia,http.txt
98.64.128.182,3128,The Netherlands,http.txt
122.52.109.3,8081,Philippines,http.txt
186.250.29.225,8080,Brazil,http.txt
46.47.197.210,3128,Russia,http.txt
31.135.214.29,8026,Uzbekistan,http.txt
178.115.253.35,8080,Austria,http.txt
177.128.123.121,8081,Brazil,http.txt
203.190.117.106,8076,Indonesia,http.txt
154.159.247.119,8080,Kenya,http.txt
103.26.110.125,82,India,http.txt
157.20.253.195,1111,Indonesia,http.txt
38.194.251.246,999,Mexico,http.txt
38.51.207.98,999,Venezuela,http.txt
197.164.101.14,1981,Egypt,http.txt
103.165.156.186,8090,Indonesia,http.txt
41.33.89.100,1976,Egypt,http.txt
195.133.220.46,1971,Iraq,http.txt
79.110.202.131,8081,Poland,http.txt
103.36.11.21,8080,Indonesia,http.txt
38.156.72.22,9999,T�rkiye,http.txt
160.22.206.75,8181,Indonesia,http.txt
201.150.119.171,999,Mexico,http.txt
186.96.67.42,999,Venezuela,http.txt
37.156.46.209,8080,Switzerland,http.txt
181.204.183.251,999,Colombia,http.txt
181.119.84.212,8080,Colombia,http.txt
45.191.4.253,8080,Argentina,http.txt
103.102.12.105,8080,Indonesia,http.txt
38.65.172.81,999,Mexico,http.txt
103.125.18.33,8080,Indonesia,http.txt
81.12.106.158,8080,Iran,http.txt
103.183.254.6,8080,Indonesia,http.txt
203.95.199.159,8080,Cambodia,http.txt
202.137.8.149,8080,Indonesia,http.txt
131.100.51.81,999,Colombia,http.txt
212.69.114.161,8080,Russia,http.txt
89.26.83.25,8080,Austria,http.txt
181.174.228.96,999,Colombia,http.txt
140.227.61.201,3128,Japan,http.txt
46.146.239.193,8080,Russia,http.txt
150.109.37.211,3128,Hong Kong,http.txt
77.238.103.98,8080,Russia,http.txt
190.108.95.104,999,Peru,http.txt
103.159.96.189,3122,Indonesia,http.txt
192.81.129.252,3133,United States,http.txt
197.164.101.13,1976,Egypt,http.txt
210.87.125.58,1080,Indonesia,http.txt
103.179.218.15,1080,Indonesia,http.txt
87.106.144.63,3128,Germany,http.txt
8.213.151.128,3128,Singapore,http.txt
47.243.92.199,3128,Hong Kong,http.txt
47.91.104.88,3128,United Arab Emirates,http.txt
201.77.97.46,999,Mexico,http.txt
14.225.210.186,3129,Vietnam,http.txt
36.64.52.234,4480,Indonesia,http.txt
181.94.246.214,3131,Paraguay,http.txt
178.63.237.156,80,Germany,http.txt
15.204.151.149,31158,United States,http.txt
201.150.118.26,999,Mexico,http.txt
187.190.114.60,999,Mexico,http.txt
51.15.228.52,8080,France,http.txt
147.93.145.196,3128,Belgium,http.txt
47.89.184.18,3128,United States,http.txt
38.7.16.81,999,Mexico,http.txt
190.223.60.131,8080,Peru,http.txt
201.77.96.145,999,Mexico,http.txt
179.49.113.225,999,Honduras,http.txt
199.68.217.2,3128,Canada,http.txt
150.109.44.110,3128,Hong Kong,http.txt
162.223.90.150,80,United States,http.txt
194.36.209.53,3128,United States,http.txt
103.162.222.242,8080,Indonesia,http.txt
202.61.209.160,80,Austria,http.txt
149.86.144.51,8080,T�rkiye,http.txt
203.190.41.177,8085,Indonesia,http.txt
38.7.16.83,999,Mexico,http.txt
103.238.232.142,1111,Indonesia,http.txt
101.47.131.196,3390,Singapore,http.txt
103.178.171.34,8080,Indonesia,http.txt
103.171.255.178,8080,Indonesia,http.txt
45.175.237.152,999,Mexico,http.txt
5.102.109.41,999,Mexico,http.txt
103.247.22.175,8080,Indonesia,http.txt
91.233.169.23,8081,Russia,http.txt
103.171.182.106,7777,Indonesia,http.txt
148.206.32.3,8080,Mexico,http.txt
103.224.124.99,8080,Indonesia,http.txt
103.59.44.117,1111,Indonesia,http.txt
103.236.173.116,8080,Indonesia,http.txt
103.163.13.126,3128,Indonesia,http.txt
186.180.20.34,8080,Colombia,http.txt
175.103.54.150,8080,Indonesia,http.txt
138.59.11.192,999,Venezuela,http.txt
182.252.69.197,8080,Bangladesh,http.txt
103.95.150.18,8080,Philippines,http.txt
146.190.82.119,3128,Singapore,http.txt
154.27.196.213,999,Mexico,http.txt
45.170.226.250,999,Nicaragua,http.txt
186.215.43.65,3128,Brazil,http.txt
103.125.16.101,8080,Indonesia,http.txt
103.165.253.161,8080,Indonesia,http.txt
181.129.1.229,999,Colombia,http.txt
103.166.32.219,1111,Indonesia,http.txt
89.58.57.45,80,Germany,http.txt
140.238.30.184,8080,South Korea,http.txt
212.108.153.246,9090,Cyprus,http.txt
109.196.201.226,8081,Russia,http.txt
103.76.109.80,8080,Indonesia,http.txt
91.227.248.40,80,Norway,http.txt
38.44.242.1,999,Dominican Republic,http.txt
49.48.94.130,8080,Thailand,http.txt
38.54.107.132,8080,Taiwan,http.txt
45.12.150.82,8080,United States,http.txt
51.96.162.162,3128,Switzerland,http.txt
38.250.126.201,999,Chile,http.txt
23.237.210.82,80,United States,http.txt
50.114.33.31,8080,Cambodia,http.txt
38.7.16.82,999,Mexico,http.txt
109.123.238.230,14603,Singapore,http.txt
89.58.38.239,3128,Germany,http.txt
201.150.118.90,999,Mexico,http.txt
179.2.115.102,999,Chile,http.txt
192.151.233.235,8080,Hong Kong,http.txt
8.210.88.48,13128,Hong Kong,http.txt
159.138.9.58,2221,Hong Kong,http.txt
185.255.179.101,3128,Germany,http.txt
49.48.86.139,8080,Thailand,http.txt
66.201.5.163,3128,United States,http.txt
54.89.62.235,3128,United States,http.txt
61.95.136.164,8080,India,http.txt
124.121.2.246,8080,Thailand,http.txt
179.110.69.216,8081,Brazil,http.txt
101.99.33.56,8080,Vietnam,http.txt
5.161.104.22,8888,United States,https.txt
5.161.70.13,8888,United States,https.txt
134.209.108.22,8888,Singapore,https.txt
134.209.108.84,8888,Singapore,https.txt
134.209.108.165,8888,Singapore,https.txt
134.209.108.167,8888,Singapore,https.txt
84.17.47.150,9002,The Netherlands,https.txt
84.17.47.149,9002,The Netherlands,https.txt
84.17.47.148,9002,The Netherlands,https.txt
84.17.47.147,9002,The Netherlands,https.txt
84.17.47.146,9002,The Netherlands,https.txt
84.17.47.126,9002,The Netherlands,https.txt
84.17.47.125,9002,The Netherlands,https.txt
84.17.47.124,9002,The Netherlands,https.txt
5.161.42.38,8888,United States,https.txt
178.128.221.182,8888,Singapore,https.txt
134.209.99.88,8888,Singapore,https.txt
192.248.152.39,8888,United Kingdom,https.txt
155.138.144.61,8888,Canada,https.txt
192.248.155.67,8888,United Kingdom,https.txt
155.138.149.154,8888,Canada,https.txt
155.138.151.230,8888,Canada,https.txt
155.138.130.128,8888,Canada,https.txt
45.63.97.57,8888,United Kingdom,https.txt
155.138.159.63,8888,Canada,https.txt
193.176.84.16,9002,Romania,https.txt
193.176.84.19,9002,Romania,https.txt
193.176.84.20,9002,Romania,https.txt
193.176.84.21,9002,Romania,https.txt
193.176.84.22,9002,Romania,https.txt
193.176.84.23,9002,Romania,https.txt
45.77.187.120,8888,United States,https.txt
65.108.150.56,8443,Finland,https.txt
102.223.20.217,443,Ghana,https.txt
194.67.91.153,443,Russia,https.txt
138.197.102.119,443,United States,https.txt
203.57.51.53,443,Australia,https.txt
129.151.160.199,443,South Africa,https.txt
202.61.204.51,443,Germany,https.txt
91.121.88.53,443,France,https.txt
31.28.4.192,443,Russia,https.txt
167.99.124.118,443,United States,https.txt
4.188.236.47,443,India,https.txt
78.28.152.111,443,Bosnia and Herzegovina,https.txt
95.179.197.240,8888,United Kingdom,https.txt
196.223.129.21,443,South Africa,https.txt
103.37.111.253,10086,Japan,https.txt
78.28.152.113,443,Bosnia and Herzegovina,https.txt
206.81.26.113,443,Germany,https.txt
23.88.59.163,443,Germany,https.txt
95.179.232.127,8888,United Kingdom,https.txt
51.38.191.151,443,France,https.txt
154.65.39.7,443,Senegal,https.txt
46.101.115.59,443,Germany,https.txt
154.65.39.8,443,Senegal,https.txt
207.244.89.162,443,United States,https.txt
103.37.111.253,10089,Japan,https.txt
207.178.166.187,443,United States,https.txt
103.179.190.121,443,Vietnam,https.txt
23.106.56.54,443,United Kingdom,https.txt
116.203.117.22,443,Germany,https.txt
65.108.104.111,443,Finland,https.txt
167.172.78.155,8888,Singapore,https.txt
78.141.193.27,8888,United Kingdom,https.txt
184.168.123.21,443,Singapore,https.txt
128.199.207.200,443,Singapore,https.txt
144.91.90.109,443,Germany,https.txt
45.114.142.178,443,India,https.txt
34.68.168.129,443,United States,https.txt
138.199.35.215,9002,United States,https.txt
138.199.35.214,9002,United States,https.txt
138.199.35.213,9002,United States,https.txt
138.199.35.212,9002,United States,https.txt
138.199.35.208,9002,United States,https.txt
138.199.35.205,9002,United States,https.txt
138.199.35.204,9002,United States,https.txt
138.199.35.203,9002,United States,https.txt
138.199.35.201,9002,United States,https.txt
138.199.35.200,9002,United States,https.txt
138.199.35.198,9002,United States,https.txt
138.199.35.197,9002,United States,https.txt
138.199.35.196,9002,United States,https.txt
138.199.35.195,9002,United States,https.txt
143.198.206.72,8888,Singapore,https.txt
192.53.114.26,443,Singapore,https.txt
45.92.108.112,443,Switzerland,https.txt
193.176.84.24,9002,Romania,https.txt
193.176.84.32,9002,Romania,https.txt
193.176.84.34,9002,Romania,https.txt
193.176.84.35,9002,Romania,https.txt
193.176.84.37,9002,Romania,https.txt
193.176.84.39,9002,Romania,https.txt
193.176.84.40,9002,Romania,https.txt
89.117.55.119,443,Germany,https.txt
193.176.84.9,9002,Romania,https.txt
193.176.84.10,9002,Romania,https.txt
193.176.84.11,9002,Romania,https.txt
193.176.84.12,9002,Romania,https.txt
138.199.35.199,9002,United States,https.txt
138.199.35.217,9002,United States,https.txt
8.218.211.134,3128,Hong Kong,https.txt
167.71.166.28,8443,United States,https.txt
57.129.1.214,443,Germany,https.txt
205.178.136.219,8443,United States,https.txt
34.120.193.19,443,United States,https.txt
217.69.241.186,443,Germany,https.txt
162.243.95.8,443,United States,https.txt
188.165.213.106,443,France,https.txt
116.203.49.36,443,Germany,https.txt
80.151.202.204,443,Germany,https.txt
84.239.49.164,9002,Romania,https.txt
84.239.49.37,9002,Romania,https.txt
84.239.49.38,9002,Romania,https.txt
84.239.49.39,9002,Romania,https.txt
84.239.49.40,9002,Romania,https.txt
84.239.49.41,9002,Romania,https.txt
84.239.49.43,9002,Romania,https.txt
84.239.49.44,9002,Romania,https.txt
84.239.49.45,9002,Romania,https.txt
84.239.49.46,9002,Romania,https.txt
84.239.49.47,9002,Romania,https.txt
84.239.49.48,9002,Romania,https.txt
84.239.49.49,9002,Romania,https.txt
84.239.49.50,9002,Romania,https.txt
84.239.49.51,9002,Romania,https.txt
84.239.49.157,9002,Romania,https.txt
84.239.49.161,9002,Romania,https.txt
84.239.49.169,9002,Romania,https.txt
84.239.49.200,9002,Romania,https.txt
84.239.49.204,9002,Romania,https.txt
84.239.49.209,9002,Romania,https.txt
84.239.49.218,9002,Romania,https.txt
84.239.49.220,9002,Romania,https.txt
84.239.49.229,9002,Romania,https.txt
84.239.49.231,9002,Romania,https.txt
84.239.49.244,9002,Romania,https.txt
84.239.49.246,9002,Romania,https.txt
84.239.49.247,9002,Romania,https.txt
84.239.49.248,9002,Romania,https.txt
84.239.49.249,9002,Romania,https.txt
84.239.49.250,9002,Romania,https.txt
84.239.49.251,9002,Romania,https.txt
84.239.49.253,9002,Romania,https.txt
84.239.49.254,9002,Romania,https.txt
84.239.14.176,9002,Romania,https.txt
84.239.14.160,9002,Romania,https.txt
84.239.14.146,9002,Romania,https.txt
84.239.14.147,9002,Romania,https.txt
84.239.14.148,9002,Romania,https.txt
84.239.14.149,9002,Romania,https.txt
84.239.14.150,9002,Romania,https.txt
84.239.14.151,9002,Romania,https.txt
84.239.14.152,9002,Romania,https.txt
84.239.14.153,9002,Romania,https.txt
84.239.14.154,9002,Romania,https.txt
84.239.14.155,9002,Romania,https.txt
84.239.14.156,9002,Romania,https.txt
84.239.14.157,9002,Romania,https.txt
84.239.14.158,9002,Romania,https.txt
84.239.14.159,9002,Romania,https.txt
84.239.14.162,9002,Romania,https.txt
84.239.14.163,9002,Romania,https.txt
84.239.14.164,9002,Romania,https.txt
84.239.14.165,9002,Romania,https.txt
84.239.14.166,9002,Romania,https.txt
84.239.14.167,9002,Romania,https.txt
84.239.14.168,9002,Romania,https.txt
84.239.14.169,9002,Romania,https.txt
84.239.14.170,9002,Romania,https.txt
84.239.14.171,9002,Romania,https.txt
84.239.14.172,9002,Romania,https.txt
84.239.14.173,9002,Romania,https.txt
84.239.14.174,9002,Romania,https.txt
84.239.14.175,9002,Romania,https.txt
182.72.203.255,443,India,https.txt
192.73.244.36,443,United States,https.txt
202.51.68.205,443,Nepal,https.txt
51.254.213.34,443,France,https.txt
51.195.137.60,443,United Kingdom,https.txt
156.232.10.14,3128,United States,https.txt
51.79.173.71,443,Singapore,https.txt
133.242.203.223,443,Japan,https.txt
62.138.18.91,443,France,https.txt
149.202.91.219,443,France,https.txt
102.130.125.86,443,South Africa,https.txt
130.180.208.145,443,France,https.txt
8.213.150.45,3128,Singapore,https.txt
68.208.221.179,443,United States,https.txt
79.174.12.190,443,Russia,https.txt
203.189.96.232,443,Japan,https.txt
159.65.244.233,443,United States,https.txt
20.205.138.223,443,Hong Kong,https.txt
84.239.49.154,9002,Romania,https.txt
84.239.49.191,9002,Romania,https.txt
84.239.49.238,9002,Romania,https.txt
193.176.84.7,9002,Romania,https.txt
84.239.49.180,9002,Romania,https.txt
84.239.49.245,9002,Romania,https.txt
84.239.49.55,9002,Romania,https.txt
84.239.49.199,9002,Romania,https.txt
138.199.35.207,9002,United States,https.txt
207.244.89.166,443,United States,https.txt
84.239.49.242,9002,Romania,https.txt
84.239.49.178,9002,Romania,https.txt
193.176.84.36,9002,Romania,https.txt
84.239.49.166,9002,Romania,https.txt
138.199.35.220,9002,United States,https.txt
84.239.49.243,9002,Romania,https.txt
23.106.56.52,443,United Kingdom,https.txt
84.239.49.211,9002,Romania,https.txt
84.239.49.170,9002,Romania,https.txt
84.239.49.62,9002,Romania,https.txt
193.176.84.3,9002,Romania,https.txt
5.189.154.210,443,Germany,https.txt
84.239.49.60,9002,Romania,https.txt
151.115.78.51,443,Poland,https.txt
84.239.49.219,9002,Romania,https.txt
138.199.35.216,9002,United States,https.txt
193.176.84.29,9002,Romania,https.txt
193.176.84.8,9002,Romania,https.txt
84.239.49.165,9002,Romania,https.txt
84.239.49.230,9002,Romania,https.txt
138.199.35.218,9002,United States,https.txt
193.176.84.33,9002,Romania,https.txt
138.199.35.202,9002,United States,https.txt
84.239.49.162,9002,Romania,https.txt
84.239.49.167,9002,Romania,https.txt
84.239.49.163,9002,Romania,https.txt
193.176.84.14,9002,Romania,https.txt
84.239.49.224,9002,Romania,https.txt
84.17.47.123,9002,The Netherlands,https.txt
84.239.49.188,9002,Romania,https.txt
23.106.56.43,443,United Kingdom,https.txt
84.239.49.160,9002,Romania,https.txt
84.239.49.214,9002,Romania,https.txt
207.244.71.84,443,United States,https.txt
37.9.171.157,443,Slovakia,https.txt
138.199.36.163,9002,Germany,https.txt
84.239.49.232,9002,Romania,https.txt
84.239.49.233,9002,Romania,https.txt
193.176.84.30,9002,Romania,https.txt
84.239.49.175,9002,Romania,https.txt
84.239.49.186,9002,Romania,https.txt
84.239.49.172,9002,Romania,https.txt
84.239.49.177,9002,Romania,https.txt
138.199.36.159,9002,Germany,https.txt
84.239.49.173,9002,Romania,https.txt
84.239.49.201,9002,Romania,https.txt
84.239.49.61,9002,Romania,https.txt
84.239.49.221,9002,Romania,https.txt
84.239.49.235,9002,Romania,https.txt
84.239.49.240,9002,Romania,https.txt
84.239.49.194,9002,Romania,https.txt
84.239.49.185,9002,Romania,https.txt
69.160.109.210,4444,Jamaica,https.txt
193.176.84.6,9002,Romania,https.txt
84.239.49.159,9002,Romania,https.txt
84.239.49.59,9002,Romania,https.txt
84.239.49.236,9002,Romania,https.txt
193.176.84.4,9002,Romania,https.txt
84.239.49.183,9002,Romania,https.txt
84.239.49.168,9002,Romania,https.txt
84.239.49.176,9002,Romania,https.txt
193.176.84.38,9002,Romania,https.txt
84.239.49.182,9002,Romania,https.txt
138.199.35.219,9002,United States,https.txt
84.239.49.187,9002,Romania,https.txt
84.239.49.56,9002,Romania,https.txt
84.239.49.202,9002,Romania,https.txt
84.239.49.207,9002,Romania,https.txt
84.239.49.227,9002,Romania,https.txt
84.239.49.179,9002,Romania,https.txt
84.239.49.222,9002,Romania,https.txt
138.199.35.206,9002,United States,https.txt
193.176.84.17,9002,Romania,https.txt
193.176.84.13,9002,Romania,https.txt
138.199.36.162,9002,Germany,https.txt
84.239.49.223,9002,Romania,https.txt
84.239.49.210,9002,Romania,https.txt
84.239.49.171,9002,Romania,https.txt
138.199.35.211,9002,United States,https.txt
84.239.49.203,9002,Romania,https.txt
84.239.49.252,9002,Romania,https.txt
84.239.49.239,9002,Romania,https.txt
84.239.49.54,9002,Romania,https.txt
84.239.49.156,9002,Romania,https.txt
84.239.49.205,9002,Romania,https.txt
84.239.49.198,9002,Romania,https.txt
84.239.49.225,9002,Romania,https.txt
138.199.36.161,9002,Germany,https.txt
84.239.49.155,9002,Romania,https.txt
84.239.49.181,9002,Romania,https.txt
84.239.49.226,9002,Romania,https.txt
84.239.49.190,9002,Romania,https.txt
84.239.49.206,9002,Romania,https.txt
84.239.49.189,9002,Romania,https.txt
138.201.47.105,8443,Germany,https.txt
84.239.49.53,9002,Romania,https.txt
84.239.49.228,9002,Romania,https.txt
138.199.35.209,9002,United States,https.txt
193.176.84.26,9002,Romania,https.txt
23.106.56.53,443,United Kingdom,https.txt
185.141.63.101,443,Cyprus,https.txt
84.239.49.213,9002,Romania,https.txt
84.239.49.234,9002,Romania,https.txt
84.239.49.217,9002,Romania,https.txt
47.88.35.91,3128,United States,https.txt
147.45.104.252,443,Russia,https.txt
13.80.134.180,443,The Netherlands,https.txt
46.246.96.14,443,Sweden,https.txt
51.83.190.248,443,Poland,https.txt
212.118.37.238,443,The Netherlands,https.txt
156.38.112.11,443,Ghana,https.txt
79.139.61.227,443,Hungary,https.txt
149.126.16.38,443,Russia,https.txt
159.65.189.245,8888,United States,https.txt
68.183.62.98,8888,United States,https.txt
91.222.238.112,443,Russia,https.txt
143.198.22.162,8888,United States,https.txt
143.198.22.113,8888,United States,https.txt
23.106.56.43,425,United Kingdom,https.txt
23.106.56.53,425,United Kingdom,https.txt
23.106.56.54,425,United Kingdom,https.txt
207.244.89.161,425,United States,https.txt
207.244.89.162,425,United States,https.txt
207.244.89.166,425,United States,https.txt
207.244.89.161,436,United States,https.txt
13.66.206.110,443,United States,https.txt
40.113.199.101,443,United States,https.txt
40.122.106.245,443,United States,https.txt
13.77.70.244,443,United States,https.txt
207.244.71.84,461,United States,https.txt
207.244.89.161,461,United States,https.txt
207.244.89.162,461,United States,https.txt
207.244.89.166,461,United States,https.txt
188.166.90.39,8888,The Netherlands,https.txt
188.166.87.45,8888,The Netherlands,https.txt
188.166.82.32,8888,The Netherlands,https.txt
91.107.230.61,8888,Germany,https.txt
46.246.96.14,143,Sweden,https.txt
159.65.245.255,443,United States,https.txt
8.219.90.226,3128,Singapore,https.txt
154.26.139.232,443,Singapore,https.txt
154.90.48.76,443,Indonesia,https.txt
72.167.140.229,443,United States,https.txt
45.32.144.46,8888,France,https.txt
51.158.253.115,443,France,https.txt
51.158.253.130,443,France,https.txt
51.158.253.120,443,France,https.txt
51.158.253.113,443,France,https.txt
216.128.177.20,8888,Canada,https.txt
146.190.178.108,443,Germany,https.txt
45.32.145.238,8888,France,https.txt
209.97.153.210,8888,United States,https.txt
209.97.153.149,8888,United States,https.txt
209.97.153.60,8888,United States,https.txt
216.128.177.59,8888,Canada,https.txt
23.106.56.53,436,United Kingdom,https.txt
23.106.56.52,436,United Kingdom,https.txt
207.244.89.162,436,United States,https.txt
207.244.89.166,436,United States,https.txt
23.106.56.43,436,United Kingdom,https.txt
23.106.56.54,436,United Kingdom,https.txt
207.244.71.84,436,United States,https.txt
51.158.253.153,443,France,https.txt
51.158.253.152,443,France,https.txt
23.106.56.53,838,United Kingdom,https.txt
23.106.56.52,838,United Kingdom,https.txt
23.106.56.43,1007,United Kingdom,https.txt
23.106.56.53,1007,United Kingdom,https.txt
23.106.56.52,1007,United Kingdom,https.txt
207.244.89.162,901,United States,https.txt
23.106.56.52,901,United Kingdom,https.txt
23.106.56.54,901,United Kingdom,https.txt
207.244.71.84,901,United States,https.txt
23.106.56.53,901,United Kingdom,https.txt
23.106.56.43,901,United Kingdom,https.txt
84.239.49.42,9002,Romania,https.txt
84.239.49.57,9002,Romania,https.txt
84.239.49.58,9002,Romania,https.txt
84.239.49.158,9002,Romania,https.txt
84.239.49.184,9002,Romania,https.txt
84.239.49.192,9002,Romania,https.txt
84.239.49.193,9002,Romania,https.txt
84.239.49.196,9002,Romania,https.txt
84.239.49.197,9002,Romania,https.txt
84.239.49.208,9002,Romania,https.txt
84.239.49.212,9002,Romania,https.txt
84.239.49.215,9002,Romania,https.txt
84.239.49.241,9002,Romania,https.txt
51.158.252.252,443,France,https.txt
23.106.56.53,905,United Kingdom,https.txt
134.209.89.168,8888,The Netherlands,https.txt
23.106.56.52,425,United Kingdom,https.txt
51.158.253.114,443,France,https.txt
188.166.89.178,8888,The Netherlands,https.txt
188.166.89.62,8888,The Netherlands,https.txt
188.166.81.186,8888,The Netherlands,https.txt
207.244.89.162,1015,United States,https.txt
51.158.252.160,443,France,https.txt
51.158.253.128,443,France,https.txt
207.244.71.84,425,United States,https.txt
207.244.89.166,1015,United States,https.txt
23.106.56.52,1015,United Kingdom,https.txt
207.244.89.162,838,United States,https.txt
207.244.89.166,901,United States,https.txt
207.244.89.166,838,United States,https.txt
207.244.71.84,838,United States,https.txt
207.244.89.161,838,United States,https.txt
23.106.56.43,838,United Kingdom,https.txt
23.106.56.54,838,United Kingdom,https.txt
23.106.56.54,461,United Kingdom,https.txt
23.106.56.53,461,United Kingdom,https.txt
23.106.56.43,461,United Kingdom,https.txt
23.106.56.52,461,United Kingdom,https.txt
23.106.56.43,1015,United Kingdom,https.txt
207.244.89.166,1007,United States,https.txt
207.244.89.161,1007,United States,https.txt
207.244.71.84,1007,United States,https.txt
23.106.56.54,1007,United Kingdom,https.txt
207.244.89.162,1007,United States,https.txt
207.244.89.161,901,United States,https.txt
207.244.89.161,1015,United States,https.txt
207.244.71.84,1015,United States,https.txt
23.106.56.54,1015,United Kingdom,https.txt
23.106.56.53,1015,United Kingdom,https.txt
23.106.56.54,471,United Kingdom,https.txt
207.244.71.84,471,United States,https.txt
207.244.89.161,471,United States,https.txt
207.244.89.166,471,United States,https.txt
23.106.56.53,471,United Kingdom,https.txt
23.106.56.52,471,United Kingdom,https.txt
23.106.56.43,471,United Kingdom,https.txt
207.244.89.162,471,United States,https.txt
23.106.56.52,726,United Kingdom,https.txt
207.244.89.162,726,United States,https.txt
23.106.56.53,726,United Kingdom,https.txt
207.244.89.161,726,United States,https.txt
207.244.71.84,726,United States,https.txt
23.106.56.54,726,United Kingdom,https.txt
207.244.89.166,726,United States,https.txt
23.106.56.43,726,United Kingdom,https.txt
23.106.56.43,911,United Kingdom,https.txt
23.106.56.54,911,United Kingdom,https.txt
207.244.89.161,911,United States,https.txt
23.106.56.53,911,United Kingdom,https.txt
207.244.89.162,911,United States,https.txt
207.244.89.166,911,United States,https.txt
23.106.56.52,911,United Kingdom,https.txt
207.244.71.84,911,United States,https.txt
212.118.37.238,143,The Netherlands,https.txt
23.106.56.52,921,United Kingdom,https.txt
23.106.56.54,921,United Kingdom,https.txt
207.244.89.162,921,United States,https.txt
23.106.56.53,921,United Kingdom,https.txt
23.106.56.43,921,United Kingdom,https.txt
207.244.89.166,921,United States,https.txt
207.244.89.161,921,United States,https.txt
207.244.71.84,921,United States,https.txt
23.106.56.52,431,United Kingdom,https.txt
207.244.89.161,431,United States,https.txt
207.244.89.162,431,United States,https.txt
23.106.56.43,431,United Kingdom,https.txt
23.106.56.53,431,United Kingdom,https.txt
207.244.89.166,431,United States,https.txt
207.244.71.84,431,United States,https.txt
165.231.141.122,9443,Estonia,https.txt
207.244.89.162,428,United States,https.txt
23.106.56.54,428,United Kingdom,https.txt
207.244.89.161,428,United States,https.txt
207.244.71.84,428,United States,https.txt
23.106.56.52,428,United Kingdom,https.txt
23.106.56.53,428,United Kingdom,https.txt
23.106.56.43,428,United Kingdom,https.txt
207.244.89.166,428,United States,https.txt
207.244.89.161,955,United States,https.txt
23.106.56.52,955,United Kingdom,https.txt
23.106.56.53,955,United Kingdom,https.txt
23.106.56.54,955,United Kingdom,https.txt
23.106.56.43,955,United Kingdom,https.txt
207.244.89.162,955,United States,https.txt
207.244.89.166,955,United States,https.txt
51.158.253.154,443,France,https.txt
23.106.56.54,431,United Kingdom,https.txt
75.132.249.74,443,United States,https.txt
207.244.71.84,955,United States,https.txt
23.106.56.52,423,United Kingdom,https.txt
207.244.89.161,423,United States,https.txt
207.244.71.84,423,United States,https.txt
23.106.56.43,423,United Kingdom,https.txt
207.244.89.166,423,United States,https.txt
207.244.89.162,423,United States,https.txt
23.106.56.54,423,United Kingdom,https.txt
23.106.56.53,423,United Kingdom,https.txt
23.106.56.54,1083,United Kingdom,https.txt
23.106.56.52,1083,United Kingdom,https.txt
207.244.89.162,1083,United States,https.txt
207.244.89.166,1083,United States,https.txt
207.244.71.84,1083,United States,https.txt
207.244.89.161,1083,United States,https.txt
23.106.56.53,1083,United Kingdom,https.txt
23.106.56.43,1083,United Kingdom,https.txt
207.244.89.161,905,United States,https.txt
207.244.71.84,905,United States,https.txt
23.106.56.52,905,United Kingdom,https.txt
23.106.56.43,905,United Kingdom,https.txt
207.244.89.162,905,United States,https.txt
23.106.56.54,905,United Kingdom,https.txt
207.244.89.166,905,United States,https.txt
23.106.56.53,1022,United Kingdom,https.txt
23.106.56.54,1022,United Kingdom,https.txt
23.106.56.52,1022,United Kingdom,https.txt
207.244.89.161,1022,United States,https.txt
207.244.71.84,1022,United States,https.txt
207.244.89.162,1022,United States,https.txt
207.244.89.166,1022,United States,https.txt
23.106.56.43,1022,United Kingdom,https.txt
64.38.135.183,443,United States,https.txt
207.148.20.225,8888,United States,https.txt
45.76.3.118,8888,United States,https.txt
45.76.3.45,8888,United States,https.txt
167.99.236.14,443,United States,https.txt
207.244.89.161,443,United States,https.txt
51.158.253.45,443,France,https.txt
51.158.253.77,443,France,https.txt
51.158.253.78,443,France,https.txt
141.94.246.168,443,France,https.txt
147.182.242.114,8888,United States,https.txt
147.182.252.115,8888,United States,https.txt
49.12.189.119,8443,Germany,https.txt
155.54.239.64,443,Spain,https.txt
47.243.181.85,41706,United States,https.txt
138.199.35.210,9002,United States,https.txt
138.199.36.160,9002,Germany,https.txt
128.199.195.19,8888,Singapore,https.txt
201.238.248.135,443,Chile,https.txt
148.233.136.213,443,Mexico,https.txt
133.167.65.66,443,Japan,https.txt
23.106.56.43,483,United Kingdom,https.txt
23.106.56.54,483,United Kingdom,https.txt
23.106.56.52,483,United Kingdom,https.txt
207.244.89.166,483,United States,https.txt
207.244.89.161,483,United States,https.txt
207.244.71.84,483,United States,https.txt
23.106.56.53,483,United Kingdom,https.txt
207.244.89.162,483,United States,https.txt
54.37.72.89,443,Germany,https.txt
47.243.181.85,8084,United States,https.txt
47.243.181.85,8081,Taiwan,https.txt
47.243.181.85,41296,Taiwan,https.txt
65.49.2.84,35149,United States,https.txt
102.134.130.41,443,Ghana,https.txt
23.106.56.53,1287,United Kingdom,https.txt
23.106.56.43,1287,United Kingdom,https.txt
207.244.89.166,1287,United States,https.txt
23.106.56.54,1287,United Kingdom,https.txt
207.244.89.162,1287,United States,https.txt
207.244.71.84,1287,United States,https.txt
207.244.89.161,1287,United States,https.txt
23.106.56.52,1287,United Kingdom,https.txt
103.148.245.155,7777,Hong Kong,https.txt
62.210.15.199,443,France,https.txt
65.49.68.84,39478,United States,https.txt
47.243.181.85,41414,Japan,https.txt
65.49.2.84,57050,United States,https.txt
143.110.229.181,8888,United States,https.txt
65.49.2.84,40881,United States,https.txt
47.243.181.85,41393,Japan,https.txt
103.241.129.9,8443,Japan,https.txt
103.241.129.183,8443,Japan,https.txt
103.241.129.187,8443,Japan,https.txt
103.241.129.214,8443,Japan,https.txt
103.241.129.234,8443,Japan,https.txt
103.241.129.238,8443,Japan,https.txt
103.241.129.245,8443,Japan,https.txt
103.241.129.251,8443,Japan,https.txt
103.241.130.1,8443,Japan,https.txt
103.241.130.3,8443,Japan,https.txt
65.49.2.84,56600,United States,https.txt
103.241.129.15,8443,Japan,https.txt
103.241.129.176,8443,Japan,https.txt
103.241.129.177,8443,Japan,https.txt
103.241.129.180,8443,Japan,https.txt
103.241.129.192,8443,Japan,https.txt
103.241.129.211,8443,Japan,https.txt
103.241.128.137,8443,Japan,https.txt
143.107.205.72,443,Brazil,https.txt
51.210.148.119,443,France,https.txt
209.38.148.139,8888,United States,https.txt
137.184.224.125,8888,United States,https.txt
47.243.181.85,41797,Brazil,https.txt
103.37.111.253,10087,Japan,https.txt
196.1.95.124,443,Senegal,https.txt
51.195.107.167,443,France,https.txt
212.58.135.9,8443,United States,https.txt
212.58.135.10,8443,United States,https.txt
212.58.132.189,8443,United States,https.txt
212.58.132.188,8443,United States,https.txt
64.62.219.84,46261,United States,https.txt
205.178.136.118,8443,United States,https.txt
205.178.144.84,8443,United States,https.txt
168.205.255.238,443,Brazil,https.txt
51.254.132.238,443,France,https.txt
205.178.137.27,8447,United States,https.txt
186.124.164.213,443,Argentina,https.txt
34.81.72.31,443,Taiwan,https.txt
85.214.107.177,443,Germany,https.txt
47.238.192.103,8888,Hong Kong,https.txt
145.239.196.123,443,France,https.txt
94.74.96.240,3129,Hong Kong,https.txt
207.180.254.198,443,Germany,https.txt
64.181.235.123,3128,United States,https.txt
65.109.202.138,8443,Finland,https.txt
65.109.40.163,8443,Finland,https.txt
23.106.56.43,19881,United Kingdom,https.txt
65.49.2.84,51479,United States,https.txt
167.235.198.62,443,Germany,https.txt
65.49.68.84,48421,United States,https.txt
65.49.14.154,52657,United States,https.txt
181.215.52.132,9443,United States,https.txt
181.215.52.162,9443,United States,https.txt
47.243.181.85,52115,Taiwan,https.txt
205.178.186.25,8447,United States,https.txt
65.49.68.84,62767,United States,https.txt
65.49.2.84,38802,United States,https.txt
65.49.2.84,15610,United States,https.txt
65.109.202.138,1080,Finland,https.txt
179.61.174.4,443,Egypt,https.txt
65.49.14.154,57697,United States,https.txt
47.243.181.85,8083,Singapore,https.txt
51.161.79.152,8888,Canada,https.txt
205.178.137.247,8447,United States,https.txt
185.53.129.141,9090,The Netherlands,https.txt
85.10.199.48,443,Germany,https.txt
162.19.49.131,443,France,https.txt
94.23.9.170,443,France,https.txt
65.109.202.138,1081,Finland,https.txt
51.159.225.129,8118,France,https.txt
47.243.181.85,41795,Brazil,https.txt
205.178.136.159,8443,United States,https.txt
205.178.137.145,8443,United States,https.txt
205.178.136.162,8443,United States,https.txt
187.217.194.178,86,Mexico,https.txt
205.178.144.210,8447,United States,https.txt
87.255.196.143,443,Kazakhstan,https.txt
186.65.109.21,443,Argentina,https.txt
65.49.2.84,28462,United States,https.txt
5.196.111.145,443,France,https.txt
205.178.136.190,8447,United States,https.txt
64.23.234.144,8888,United States,https.txt
47.243.181.85,41290,Taiwan,https.txt
205.178.136.158,8447,United States,https.txt
205.178.186.16,8443,United States,https.txt
36.92.193.189,443,Indonesia,https.txt
212.83.181.166,8081,France,https.txt
212.83.168.126,8081,France,https.txt
51.159.226.157,443,France,https.txt
51.159.226.159,443,France,https.txt
51.159.226.153,443,France,https.txt
51.159.226.154,443,France,https.txt
47.243.181.85,41406,Japan,https.txt
51.159.226.151,443,France,https.txt
51.159.226.150,443,France,https.txt
51.159.226.155,443,France,https.txt
51.159.226.149,443,France,https.txt
51.159.226.156,443,France,https.txt
51.159.226.162,443,France,https.txt
51.159.226.128,443,France,https.txt
51.159.226.160,443,France,https.txt
51.159.226.158,443,France,https.txt
23.106.56.51,483,United Kingdom,https.txt
207.244.71.81,1287,United States,https.txt
23.106.56.51,1287,United Kingdom,https.txt
207.244.71.82,1287,United States,https.txt
51.159.226.161,443,France,https.txt
23.106.56.12,483,United Kingdom,https.txt
23.106.56.13,483,United Kingdom,https.txt
23.106.56.14,483,United Kingdom,https.txt
207.244.71.79,1287,United States,https.txt
207.244.71.80,1287,United States,https.txt
51.159.226.152,443,France,https.txt
206.188.209.161,8443,United States,https.txt
23.106.56.51,955,United Kingdom,https.txt
23.106.56.51,461,United Kingdom,https.txt
47.243.181.85,55009,Taiwan,https.txt
207.244.71.81,905,United States,https.txt
207.244.71.82,905,United States,https.txt
23.106.56.51,905,United Kingdom,https.txt
207.244.71.79,905,United States,https.txt
207.244.71.80,905,United States,https.txt
23.106.56.51,425,United Kingdom,https.txt
23.106.56.51,921,United Kingdom,https.txt
207.244.71.81,921,United States,https.txt
207.244.71.82,921,United States,https.txt
207.244.71.82,1007,United States,https.txt
23.106.56.51,471,United Kingdom,https.txt
195.12.54.28,443,Romania,https.txt
207.244.71.79,1007,United States,https.txt
207.244.71.80,1007,United States,https.txt
207.244.71.81,1007,United States,https.txt
207.244.71.79,921,United States,https.txt
207.244.71.80,921,United States,https.txt
23.106.56.51,838,United Kingdom,https.txt
207.244.71.82,1022,United States,https.txt
207.244.71.82,436,United States,https.txt
207.244.71.81,436,United States,https.txt
23.106.56.51,436,United Kingdom,https.txt
23.106.56.51,1022,United Kingdom,https.txt
207.244.71.81,1022,United States,https.txt
207.244.71.81,471,United States,https.txt
207.244.71.82,471,United States,https.txt
207.244.71.82,726,United States,https.txt
23.106.56.51,726,United Kingdom,https.txt
207.244.71.81,726,United States,https.txt
207.244.71.82,901,United States,https.txt
23.106.56.51,431,United Kingdom,https.txt
207.244.71.82,431,United States,https.txt
207.244.71.81,431,United States,https.txt
207.244.71.81,911,United States,https.txt
23.106.56.51,911,United Kingdom,https.txt
207.244.71.82,911,United States,https.txt
23.106.56.51,1007,United Kingdom,https.txt
23.106.56.51,1015,United Kingdom,https.txt
23.106.56.51,423,United Kingdom,https.txt
206.188.209.177,8447,United States,https.txt
47.243.181.85,52111,Taiwan,https.txt
47.243.181.85,41318,Taiwan,https.txt
122.99.125.85,443,India,https.txt
34.204.121.255,443,United States,https.txt
207.244.71.82,425,United States,https.txt
51.159.226.129,443,France,https.txt
51.158.253.130,14991,France,https.txt
23.106.56.51,901,United Kingdom,https.txt
65.2.44.94,443,India,https.txt
207.244.71.81,425,United States,https.txt
23.106.56.51,428,United Kingdom,https.txt
207.244.71.82,428,United States,https.txt
207.244.71.81,428,United States,https.txt
207.244.71.81,955,United States,https.txt
207.244.71.82,955,United States,https.txt
205.178.137.205,8443,United States,https.txt
207.244.71.81,838,United States,https.txt
207.244.71.82,838,United States,https.txt
207.244.71.82,461,United States,https.txt
207.244.71.81,461,United States,https.txt
207.244.71.81,901,United States,https.txt
207.244.71.82,1015,United States,https.txt
154.201.72.251,3129,United States,https.txt
207.244.71.82,423,United States,https.txt
207.244.71.81,423,United States,https.txt
51.159.225.194,23767,France,https.txt
51.158.204.131,23767,France,https.txt
174.138.54.65,443,United States,https.txt
207.244.71.81,1015,United States,https.txt
207.244.71.81,1083,United States,https.txt
207.244.71.82,1083,United States,https.txt
23.106.56.51,1083,United Kingdom,https.txt
207.244.71.81,483,United States,https.txt
207.244.71.82,483,United States,https.txt
195.231.69.203,443,Italy,https.txt
51.158.253.45,7901,France,https.txt
208.102.51.6,58208,United States,socks5.txt
66.42.224.229,41679,United States,socks5.txt
98.188.47.132,4145,United States,socks5.txt
184.181.217.220,4145,United States,socks5.txt
184.178.172.18,15280,United States,socks5.txt
70.166.167.55,57745,United States,socks5.txt
70.166.167.38,57728,United States,socks5.txt
192.252.215.5,16137,United States,socks5.txt
119.148.39.241,9990,Bangladesh,socks5.txt
163.172.164.115,16379,France,socks5.txt
46.105.105.223,29267,France,socks5.txt
68.71.249.153,48606,United States,socks5.txt
67.201.33.10,25283,United States,socks5.txt
46.105.105.223,21130,France,socks5.txt
51.210.111.216,11926,France,socks5.txt
98.152.200.61,8081,United States,socks5.txt
46.105.105.223,64464,France,socks5.txt
161.49.176.173,1338,Philippines,socks5.txt
31.42.185.134,1080,Ukraine,socks5.txt
89.169.55.200,1080,Germany,socks5.txt
46.36.70.104,46964,Lithuania,socks5.txt
172.233.254.134,1080,France,socks5.txt
118.70.151.55,1080,Vietnam,socks5.txt
51.75.126.150,56270,France,socks5.txt
103.127.223.126,1080,Bangladesh,socks5.txt
116.129.250.48,1080,China,socks5.txt
45.140.143.77,18080,The Netherlands,socks5.txt
51.75.126.150,15816,France,socks5.txt
192.95.33.162,36308,Canada,socks5.txt
185.23.81.5,1080,Russia,socks5.txt
103.189.218.158,1080,Bangladesh,socks5.txt
185.255.4.172,1214,T�rkiye,socks5.txt
172.232.236.34,1080,Indonesia,socks5.txt
159.65.128.194,1080,Singapore,socks5.txt
103.25.176.4,1080,Philippines,socks5.txt
212.46.198.230,1080,Russia,socks5.txt
178.46.153.228,1080,Russia,socks5.txt
103.245.205.142,35158,Bangladesh,socks5.txt
5.172.24.165,1080,Russia,socks5.txt
45.12.132.188,51991,Cyprus,socks5.txt
45.12.132.212,51991,Cyprus,socks5.txt
45.12.132.215,51991,Cyprus,socks5.txt
185.93.89.172,4016,Russia,socks5.txt
131.189.14.249,1080,Germany,socks5.txt
185.93.89.143,4002,Germany,socks5.txt
45.115.236.15,1080,China,socks5.txt
185.93.89.191,8797,Malaysia,socks5.txt
45.142.193.20,5227,Vietnam,socks5.txt
185.93.89.159,4009,France,socks5.txt
185.93.89.190,7734,Thailand,socks5.txt
102.36.127.53,1080,South Africa,socks5.txt
185.93.89.144,4071,Hong Kong,socks5.txt
185.93.89.174,8082,Canada,socks5.txt
185.93.89.145,12958,United States,socks5.txt
185.93.89.149,4926,France,socks5.txt
185.93.89.153,11864,Japan,socks5.txt
89.58.45.94,37463,Italy,socks5.txt
185.93.89.181,4038,Brazil,socks5.txt
185.93.89.163,11560,India,socks5.txt
185.93.89.144,10111,France,socks5.txt
185.93.89.143,17577,Belgium,socks5.txt
185.93.89.172,15930,Spain,socks5.txt
45.142.193.27,40202,United Kingdom,socks5.txt
185.93.89.179,5283,Hungary,socks5.txt
185.93.89.143,8034,Germany,socks5.txt
185.93.89.147,9640,United States,socks5.txt
185.93.89.169,5466,United States,socks5.txt
185.93.89.147,6546,India,socks5.txt
185.93.89.158,5576,India,socks5.txt
185.93.89.143,25363,Canada,socks5.txt
185.93.89.171,9778,Indonesia,socks5.txt
185.93.89.146,34059,France,socks5.txt
45.142.193.15,7031,Germany,socks5.txt
185.93.89.158,4794,United States,socks5.txt
185.93.89.183,8353,Vietnam,socks5.txt
185.93.89.189,12662,Vietnam,socks5.txt
185.93.89.147,15391,Pakistan,socks5.txt
43.131.9.114,1777,Germany,socks5.txt
185.93.89.144,4499,The Netherlands,socks5.txt
185.93.89.143,4266,France,socks5.txt
185.93.89.155,5030,Russia,socks5.txt
185.93.89.171,15775,India,socks5.txt
185.93.89.151,4005,United States,socks5.txt
185.93.89.153,5009,Belgium,socks5.txt
185.93.89.143,5420,United States,socks5.txt
185.93.89.157,4123,United States,socks5.txt
185.93.89.144,4366,Vietnam,socks5.txt
185.93.89.151,22902,Cambodia,socks5.txt
185.93.89.146,5812,India,socks5.txt
185.93.89.151,4449,United Kingdom,socks5.txt
185.93.89.155,16635,United States,socks5.txt
185.93.89.159,17034,United States,socks5.txt
185.93.89.143,4564,France,socks5.txt
185.93.89.169,6934,United States,socks5.txt
185.93.89.152,4024,Hong Kong,socks5.txt
185.93.89.175,9977,United States,socks5.txt
185.93.89.178,8453,Belarus,socks5.txt
185.93.89.146,4324,France,socks5.txt
185.93.89.181,5681,Germany,socks5.txt
185.93.89.151,4105,United States,socks5.txt
185.93.89.180,5566,Indonesia,socks5.txt
185.93.89.155,4490,Ireland,socks5.txt
185.93.89.168,4754,Brazil,socks5.txt
185.93.89.183,8100,Indonesia,socks5.txt
185.93.89.178,25635,United States,socks5.txt
185.93.89.187,9551,Vietnam,socks5.txt
185.93.89.146,4370,United States,socks5.txt
185.93.89.175,4142,United States,socks5.txt
185.93.89.169,7253,Iran,socks5.txt
185.93.89.164,15775,India,socks5.txt
185.93.89.180,4024,Canada,socks5.txt
185.93.89.179,25326,France,socks5.txt
185.93.89.179,10175,Czechia,socks5.txt
185.93.89.145,4259,France,socks5.txt
185.93.89.151,13899,United States,socks5.txt
45.142.193.15,4124,Singapore,socks5.txt
185.93.89.178,11781,United Kingdom,socks5.txt
185.93.89.143,4381,France,socks5.txt
185.93.89.149,4332,Russia,socks5.txt
185.93.89.162,4367,United Kingdom,socks5.txt
185.93.89.149,25479,United States,socks5.txt
185.93.89.145,4449,Russia,socks5.txt
185.93.89.152,14258,Thailand,socks5.txt
185.93.89.172,13399,France,socks5.txt
185.93.89.179,5379,Spain,socks5.txt
185.93.89.164,5262,Singapore,socks5.txt
185.93.89.172,6283,India,socks5.txt
185.93.89.182,7582,Singapore,socks5.txt
185.93.89.145,4463,China,socks5.txt
185.93.89.178,12225,Pakistan,socks5.txt
185.93.89.183,4005,Thailand,socks5.txt
185.93.89.157,10210,Philippines,socks5.txt
185.93.89.166,5168,France,socks5.txt
185.93.89.165,5260,France,socks5.txt
185.93.89.159,4245,France,socks5.txt
185.93.89.147,5681,France,socks5.txt
185.93.89.189,21920,India,socks5.txt
185.93.89.149,6756,United Kingdom,socks5.txt
185.93.89.179,10245,Canada,socks5.txt
185.93.89.166,7108,United States,socks5.txt
185.93.89.144,4308,France,socks5.txt
185.93.89.179,37714,United Kingdom,socks5.txt
185.93.89.144,18245,United Kingdom,socks5.txt
185.93.89.145,32445,Spain,socks5.txt
185.93.89.163,5093,Brazil,socks5.txt
185.93.89.187,9635,Brazil,socks5.txt
185.93.89.168,6781,United Kingdom,socks5.txt
185.93.89.163,18079,United States,socks5.txt
185.93.89.168,5277,United States,socks5.txt
45.142.193.15,14342,Czechia,socks5.txt
185.93.89.143,10019,India,socks5.txt
185.93.89.146,24586,Austria,socks5.txt
185.93.89.178,9970,France,socks5.txt
185.93.89.190,6811,Germany,socks5.txt
45.91.92.45,14602,Brazil,socks5.txt
185.93.89.181,5557,United States,socks5.txt
185.93.89.144,5682,United States,socks5.txt
185.93.89.163,6870,United States,socks5.txt
185.93.89.178,35770,The Netherlands,socks5.txt
185.93.89.147,15412,Vietnam,socks5.txt
185.93.89.143,4300,Russia,socks5.txt
185.93.89.164,14877,Georgia,socks5.txt
185.93.89.176,11350,United States,socks5.txt
185.93.89.157,15980,France,socks5.txt
185.93.89.144,4322,France,socks5.txt
185.93.89.176,4374,Poland,socks5.txt
185.93.89.181,6171,Vietnam,socks5.txt
185.93.89.157,5696,India,socks5.txt
185.93.89.152,13254,France,socks5.txt
185.93.89.170,6870,Hungary,socks5.txt
185.93.89.147,4336,France,socks5.txt
185.93.89.156,4581,United States,socks5.txt
185.93.89.150,9416,India,socks5.txt
185.93.89.151,24216,Vietnam,socks5.txt
185.93.89.174,11621,France,socks5.txt
185.93.89.159,8031,Burkina Faso,socks5.txt
185.93.89.149,9984,United Kingdom,socks5.txt
185.93.89.143,14596,Singapore,socks5.txt
185.93.89.147,4249,France,socks5.txt
185.93.89.156,17739,France,socks5.txt
185.93.89.153,4542,Russia,socks5.txt
185.93.89.190,16915,Vietnam,socks5.txt
185.93.89.190,4945,France,socks5.txt
185.93.89.146,6302,France,socks5.txt
185.93.89.155,5900,India,socks5.txt
185.93.89.152,4899,United States,socks5.txt
185.93.89.189,6006,United Kingdom,socks5.txt
185.93.89.147,21751,France,socks5.txt
185.93.89.150,24738,Pakistan,socks5.txt
185.93.89.189,8026,Hungary,socks5.txt
185.93.89.147,4818,United States,socks5.txt
185.93.89.179,15074,Russia,socks5.txt
185.93.89.163,7922,United States,socks5.txt
185.93.89.158,4170,Germany,socks5.txt
185.93.89.165,4084,Canada,socks5.txt
185.93.89.172,14771,Germany,socks5.txt
185.93.89.172,17115,Germany,socks5.txt
185.93.89.152,5765,Iran,socks5.txt
185.93.89.146,4739,Hong Kong,socks5.txt
185.93.89.176,17576,Russia,socks5.txt
185.93.89.145,25149,United States,socks5.txt
185.93.89.146,34980,Singapore,socks5.txt
185.93.89.155,15838,France,socks5.txt
185.93.89.155,5826,Denmark,socks5.txt
185.93.89.155,4079,Brazil,socks5.txt
185.93.89.145,9589,Brazil,socks5.txt
185.93.89.145,23816,Cambodia,socks5.txt
185.93.89.145,18143,India,socks5.txt
185.93.89.179,6739,China,socks5.txt
185.93.89.179,17792,United States,socks5.txt
185.93.89.178,23492,Germany,socks5.txt
185.93.89.145,5644,Russia,socks5.txt
185.93.89.168,10587,Vietnam,socks5.txt
185.93.89.153,4042,United States,socks5.txt
185.93.89.164,4821,Russia,socks5.txt
185.93.89.145,11220,United States,socks5.txt
185.93.89.164,18166,T�rkiye,socks5.txt
185.93.89.146,24553,Iran,socks5.txt
185.93.89.146,7889,France,socks5.txt
45.142.193.15,4292,Hong Kong,socks5.txt
185.93.89.146,28659,Russia,socks5.txt
185.93.89.188,9435,United States,socks5.txt
185.93.89.178,33030,Finland,socks5.txt
185.93.89.164,17239,France,socks5.txt
185.93.89.164,4033,Germany,socks5.txt
185.93.89.156,5028,United States,socks5.txt
185.93.89.165,5359,Russia,socks5.txt
185.93.89.147,4265,France,socks5.txt
185.93.89.153,16926,Spain,socks5.txt
185.93.89.147,7536,United States,socks5.txt
185.93.89.191,5022,South Africa,socks5.txt
185.93.89.155,4388,United States,socks5.txt
185.93.89.145,4356,France,socks5.txt
185.93.89.182,16212,India,socks5.txt
185.93.89.175,6249,France,socks5.txt
185.93.89.155,11262,France,socks5.txt
185.93.89.144,4311,France,socks5.txt
185.93.89.151,11148,United States,socks5.txt
185.93.89.151,24351,Belgium,socks5.txt
185.93.89.191,6903,United Kingdom,socks5.txt
185.93.89.178,37457,France,socks5.txt
185.93.89.188,19179,Russia,socks5.txt
185.93.89.168,4817,Pakistan,socks5.txt
185.93.89.151,19377,United States,socks5.txt
185.93.89.182,4744,Russia,socks5.txt
185.93.89.155,8669,United States,socks5.txt
185.93.89.155,4749,Thailand,socks5.txt
47.243.104.142,7988,Hong Kong,socks5.txt
185.93.89.147,4637,France,socks5.txt
185.93.89.159,8468,Cambodia,socks5.txt
185.93.89.187,20324,The Netherlands,socks5.txt
185.93.89.163,11087,United Kingdom,socks5.txt
185.93.89.155,19736,France,socks5.txt
185.93.89.149,5425,Malawi,socks5.txt
185.93.89.188,4139,United States,socks5.txt
185.93.89.150,4072,France,socks5.txt
185.93.89.145,10074,Germany,socks5.txt
185.93.89.155,18685,Vietnam,socks5.txt
185.93.89.149,4746,France,socks5.txt
185.93.89.187,8785,Singapore,socks5.txt
185.93.89.179,13645,Ireland,socks5.txt
185.93.89.145,10040,Germany,socks5.txt
185.93.89.171,6360,Russia,socks5.txt
185.93.89.179,19842,United States,socks5.txt
185.93.89.162,6883,China,socks5.txt
185.93.89.189,4258,United States,socks5.txt
185.93.89.178,10509,India,socks5.txt
185.93.89.151,7371,India,socks5.txt
185.93.89.188,4051,Germany,socks5.txt
185.93.89.183,4031,United States,socks5.txt
185.93.89.181,18884,United States,socks5.txt
185.93.89.147,9755,Malawi,socks5.txt
185.93.89.179,6215,United States,socks5.txt
185.93.89.152,6215,United States,socks5.txt
185.93.89.146,7046,United States,socks5.txt
185.93.89.171,8236,Vietnam,socks5.txt
185.93.89.179,4740,Germany,socks5.txt
185.93.89.188,4044,United States,socks5.txt
185.93.89.179,12315,United States,socks5.txt
185.93.89.179,4794,Canada,socks5.txt
185.93.89.179,19161,United States,socks5.txt
185.93.89.166,4029,Brazil,socks5.txt
45.12.150.82,1080,United States,socks5.txt
185.93.89.155,17126,Germany,socks5.txt
185.93.89.171,14466,United States,socks5.txt
185.93.89.183,17255,Iran,socks5.txt
185.93.89.179,18036,Cambodia,socks5.txt
185.93.89.146,5625,United States,socks5.txt
185.93.89.176,20204,Singapore,socks5.txt
185.93.89.143,5881,Russia,socks5.txt
185.93.89.181,7887,United States,socks5.txt
185.93.89.143,5534,United States,socks5.txt
185.93.89.157,12298,Canada,socks5.txt
185.93.89.145,18872,France,socks5.txt
185.93.89.181,9448,Canada,socks5.txt
185.93.89.145,5290,France,socks5.txt
185.93.89.179,5184,United States,socks5.txt
185.93.89.149,24518,Germany,socks5.txt
185.93.89.174,15894,Germany,socks5.txt
185.93.89.145,4144,Germany,socks5.txt
185.93.89.179,5704,Mexico,socks5.txt
185.93.89.153,5545,France,socks5.txt
185.93.89.158,4574,United States,socks5.txt
185.93.89.170,6506,United States,socks5.txt
185.93.89.179,15070,Russia,socks5.txt
185.93.89.157,5358,Thailand,socks5.txt
185.93.89.172,5061,Vietnam,socks5.txt
185.93.89.174,7406,Ukraine,socks5.txt
185.93.89.179,5472,Germany,socks5.txt
185.93.89.179,6136,Mexico,socks5.txt
185.93.89.174,19564,The Netherlands,socks5.txt
185.93.89.143,7064,France,socks5.txt
185.93.89.159,6617,The Netherlands,socks5.txt
185.93.89.174,5610,United Kingdom,socks5.txt
185.93.89.144,20755,Germany,socks5.txt
185.93.89.144,19155,United Kingdom,socks5.txt
185.93.89.179,6855,Singapore,socks5.txt
185.93.89.182,6930,Indonesia,socks5.txt
185.93.89.188,20067,United States,socks5.txt
185.93.89.174,4508,United States,socks5.txt
185.93.89.190,4895,Australia,socks5.txt
185.93.89.150,11899,China,socks5.txt
185.93.89.178,9051,United States,socks5.txt
185.93.89.144,34527,India,socks5.txt
185.93.89.146,5327,United States,socks5.txt
185.93.89.187,6174,Belgium,socks5.txt
185.93.89.149,7474,India,socks5.txt
185.93.89.151,5794,United States,socks5.txt
185.93.89.188,4919,United States,socks5.txt
185.93.89.156,4759,United Kingdom,socks5.txt
185.93.89.180,20067,Russia,socks5.txt
185.93.89.191,22474,Canada,socks5.txt
185.93.89.188,19477,Vietnam,socks5.txt
185.93.89.178,5939,France,socks5.txt
185.93.89.181,19950,Cambodia,socks5.txt
185.93.89.155,5520,United States,socks5.txt
185.93.89.144,32239,United States,socks5.txt
185.93.89.178,9766,Italy,socks5.txt
185.93.89.147,5732,Vietnam,socks5.txt
185.93.89.175,10469,Vietnam,socks5.txt
185.93.89.158,4340,The Netherlands,socks5.txt
185.93.89.144,5637,Russia,socks5.txt
185.93.89.162,4098,United States,socks5.txt
185.93.89.181,5592,United States,socks5.txt
185.93.89.178,6817,France,socks5.txt
185.93.89.179,19044,United States,socks5.txt
185.93.89.179,7557,United States,socks5.txt
185.93.89.179,16071,United States,socks5.txt
185.93.89.159,11199,United States,socks5.txt
185.93.89.147,4292,United States,socks5.txt
185.93.89.157,21545,United States,socks5.txt
185.93.89.169,5705,Thailand,socks5.txt
185.93.89.175,6282,United States,socks5.txt
185.93.89.174,7391,Germany,socks5.txt
185.93.89.156,9345,France,socks5.txt
185.93.89.188,7084,Malaysia,socks5.txt
185.93.89.153,6437,United States,socks5.txt
185.93.89.151,20959,Canada,socks5.txt
185.93.89.176,5709,Russia,socks5.txt
185.93.89.178,17467,Vietnam,socks5.txt
185.93.89.181,4636,France,socks5.txt
185.93.89.181,20779,The Netherlands,socks5.txt
185.93.89.153,9191,Germany,socks5.txt
185.93.89.187,20526,United States,socks5.txt
185.93.89.158,7333,Brazil,socks5.txt
185.93.89.146,7176,United States,socks5.txt
185.93.89.162,9756,Vietnam,socks5.txt
185.93.89.190,22409,South Africa,socks5.txt
103.249.200.161,1211,Germany,socks5.txt
185.93.89.187,13624,United Kingdom,socks5.txt
103.249.200.161,1135,Germany,socks5.txt
185.93.89.179,12286,France,socks5.txt
185.93.89.190,12809,Japan,socks5.txt
47.76.174.113,8888,Hong Kong,socks5.txt
185.93.89.187,4248,France,socks5.txt
8.217.174.60,8888,Hong Kong,socks5.txt
185.93.89.179,4121,Cambodia,socks5.txt
185.93.89.190,7478,Thailand,socks5.txt
185.93.89.156,20971,United States,socks5.txt
185.93.89.191,4485,United States,socks5.txt
185.93.89.168,11037,United States,socks5.txt
185.93.89.157,6095,France,socks5.txt
185.93.89.165,23012,Canada,socks5.txt
185.93.89.165,4632,Ireland,socks5.txt
185.93.89.147,4934,Russia,socks5.txt
185.93.89.178,18637,France,socks5.txt
185.93.89.191,8944,Hong Kong,socks5.txt
185.93.89.174,4176,Singapore,socks5.txt
185.93.89.152,9947,United Kingdom,socks5.txt
185.93.89.149,5309,United States,socks5.txt
185.93.89.169,4640,France,socks5.txt
185.93.89.183,5439,Thailand,socks5.txt
185.93.89.187,6636,United States,socks5.txt
185.93.89.182,6348,United States,socks5.txt
185.93.89.159,9747,United States,socks5.txt
185.93.89.159,20971,United States,socks5.txt
185.93.89.163,4439,United States,socks5.txt
185.93.89.183,5410,India,socks5.txt
140.250.147.176,40146,China,socks5.txt
185.93.89.180,17808,Mongolia,socks5.txt
185.93.89.157,8132,India,socks5.txt
185.93.89.178,20250,Singapore,socks5.txt
185.93.89.163,9260,United States,socks5.txt
185.93.89.162,4527,Russia,socks5.txt
185.93.89.175,6189,Italy,socks5.txt
185.93.89.149,6890,United States,socks5.txt
185.93.89.144,34422,Switzerland,socks5.txt
27.79.174.220,17000,Vietnam,socks5.txt
27.79.136.20,17000,Vietnam,socks5.txt
185.93.89.149,4407,United States,socks5.txt
185.93.89.147,4802,India,socks5.txt
185.93.89.190,23303,Germany,socks5.txt
185.93.89.152,21454,Germany,socks5.txt
185.93.89.180,4095,Russia,socks5.txt
183.130.235.114,2324,China,socks5.txt
85.175.100.44,1080,Russia,socks5.txt
185.93.89.188,20597,Finland,socks5.txt
185.93.89.171,5502,France,socks5.txt
185.93.89.176,4609,United States,socks5.txt
